job_id,company,job_title,location,provider,job_url,status,application_date,posted_at,scraped_at,linkedin_job_url,customized_resume_id,customized_resume_path,resume_bucket,notes
naukri:300426042112,Code Crafters,Fullstack Developer,India,naukri,https://www.naukri.com/job-listings-fullstack-developer-code-crafters-hoshiarpur-1-to-6-years-300426042112,applied,2026-05-01T21:09:45.273493+00:00,2026-04-30T21:35:16+00:00,2026-04-30T16:48:10.361113+00:00,,b1cbd777-400d-41ee-bbe5-359324584a20,VIKAS_POKALA_CODE_CRAFTERS_NAUKRI_300426042112.pdf,personalized_resumes,
4408794169,SourcingXPress,Backend Developer,"Bengaluru, Karnataka, India",linkedin,https://www.linkedin.com/jobs/view/4408794169/,applied,2026-05-01T17:39:02.628222+00:00,,2026-04-30T16:48:10.361113+00:00,https://www.linkedin.com/jobs/view/4408794169/,1f191c41-aa46-4df2-b93d-4de4d58c1181,VIKAS_POKALA_SOURCINGXPRESS_4408794169.pdf,personalized_resumes,
4406951653,InovarTech,Python Backend Developer,"Hyderabad, Telangana, India",linkedin,https://www.linkedin.com/jobs/view/4406951653/,applied,2026-05-01T17:30:23.335649+00:00,,2026-04-30T16:48:10.361113+00:00,https://www.linkedin.com/jobs/view/4406951653/,938ed32d-5dd8-46b2-b92e-a778e145eb00,VIKAS_POKALA_INOVARTECH_4406951653.pdf,personalized_resumes,
naukri:280426932975,Talent  Corner HR Services Pvt Ltd,Full Stack Developer,"Hyderabad, Telangana, India",naukri,https://www.naukri.com/job-listings-full-stack-developer-talent-corner-hr-services-pvt-ltd-hyderabad-chennai-bengaluru-2-to-5-years-280426932975,applied,2026-05-01T17:17:43.991841+00:00,2026-04-28T17:47:01+00:00,2026-04-30T16:48:10.361113+00:00,,d2f931a6-b415-4da7-8ba7-d0ad5684a016,VIKAS_POKALA_TALENT_CORNER_HR_SERVICES_PVT_LTD_NAUKRI_280426932975.pdf,personalized_resumes,
naukri:300426917805,VOLKSWAGEN GROUP DIGITAL SOLUTIONS PRIVATE LIMITED,Developer,India,naukri,https://www.naukri.com/job-listings-developer-volkswagen-group-technology-solutions-india-private-limited-pune-gurugram-bengaluru-2-to-3-years-300426917805,applied,2026-05-01T17:14:36.236201+00:00,2026-04-30T12:43:00+00:00,2026-04-30T16:48:10.361113+00:00,,94dd0e16-e456-4197-982f-5d060abec160,VIKAS_POKALA_VOLKSWAGEN_GROUP_DIGITAL_SOLUTIONS_PRIVATE_LIMITED_NAUKRI_300426917805.pdf,personalized_resumes,
naukri:300426038119,Select Source International,Web Developer,India,naukri,https://www.naukri.com/job-listings-web-developer-select-source-international-noida-pune-delhi-ncr-2-to-7-years-300426038119,applied,2026-05-01T17:04:31.785097+00:00,2026-04-30T18:46:40+00:00,2026-04-30T16:48:10.361113+00:00,,5fe35efa-ac09-4791-b12b-5201f2ff0e98,VIKAS_POKALA_SELECT_SOURCE_INTERNATIONAL_NAUKRI_300426038119.pdf,personalized_resumes,
naukri:300426021845,Techgrit Solutions India,Java Developer,"Hyderabad, Telangana, India",naukri,https://www.naukri.com/job-listings-java-developer-techgrit-solutions-india-hyderabad-2-to-5-years-300426021845,applied,2026-05-01T16:55:44.558996+00:00,2026-04-30T14:22:21+00:00,2026-04-30T16:48:10.361113+00:00,,0f400911-e519-4026-9db1-c243366ecbfb,VIKAS_POKALA_TECHGRIT_SOLUTIONS_INDIA_NAUKRI_300426021845.pdf,personalized_resumes,
naukri:300426026146,Care Health Insurance,Fullstack Developer,India,naukri,https://www.naukri.com/job-listings-fullstack-developer-care-health-insurance-gurugram-2-to-5-years-300426026146,applied,2026-05-01T16:42:01.254279+00:00,2026-04-30T16:21:09+00:00,2026-04-30T16:48:10.361113+00:00,,ffa50e1f-58e6-4fc8-9022-7b7c558e0d07,VIKAS_POKALA_CARE_HEALTH_INSURANCE_NAUKRI_300426026146.pdf,personalized_resumes,
4407618073,Citi,Java Fullstack Developer,"Pune Division, Maharashtra, India",linkedin,https://www.linkedin.com/jobs/view/4407618073/,applied,2026-05-01T16:11:58.931492+00:00,,2026-04-30T16:48:10.361113+00:00,https://www.linkedin.com/jobs/view/4407618073/,7f3c3b19-8a09-4256-9093-9a6369784af2,VIKAS_POKALA_CITI_4407618073.pdf,personalized_resumes,
4408586619,Draup,Draup - Backend Engineer - Distributed Systems,"Bengaluru, Karnataka, India",linkedin,https://www.linkedin.com/jobs/view/4408586619/,applied,2026-05-01T15:39:29.12531+00:00,,2026-04-30T16:48:10.361113+00:00,https://www.linkedin.com/jobs/view/4408586619/,,,personalized_resumes,
manual_d6bef235b84843d8,People Interactive (I) Pvt Ltd.,Associate Product Manager,Mumbai (Tardeo HO)-Maharashtra,openroles.peopleinteractive.in,https://openroles.peopleinteractive.in/apply?job=5393,applied,2026-05-01T15:37:58.453613+00:00,,2026-05-01T15:17:54.184205+00:00,,3a21160f-ef3d-4e0b-a77a-23ca7c611365,VIKAS_POKALA_PEOPLE_INTERACTIVE_I_PVT_LTD_MANUAL_D6BEF235B84843D8.pdf,personalized_resumes,
4406465067,SCIENTIFIC GAMES,Software Engineer - Java Full Stack Developer,"Bengaluru, Karnataka, India",linkedin,https://www.linkedin.com/jobs/view/4406465067/,applied,2026-05-01T15:19:39.555118+00:00,,2026-04-30T16:48:10.361113+00:00,https://www.linkedin.com/jobs/view/4406465067/,e5e64e9d-5763-4670-be40-cc4b94fa3611,VIKAS_POKALA_SCIENTIFIC_GAMES_4406465067.pdf,personalized_resumes,
4406946852,"Centre for Digital Tech. in Healthcare (CDiTH), IIITH",Fullstack Engineer,"Hyderabad, Telangana, India",linkedin,https://www.linkedin.com/jobs/view/4406946852/,applied,2026-05-01T15:04:39.12593+00:00,,2026-04-30T16:48:10.361113+00:00,https://www.linkedin.com/jobs/view/4406946852/,25d3f6a3-1f7d-46d4-a755-df58c3839acc,VIKAS_POKALA_CENTRE_FOR_DIGITAL_TECH_IN_HEALTHCARE_CDITH_IIITH_4406946852.pdf,personalized_resumes,
naukri:280426933034,Talent  Corner HR Services Pvt Ltd,Software Engineer,"Hyderabad, Telangana, India",naukri,https://www.naukri.com/job-listings-software-engineer-talent-corner-hr-services-pvt-ltd-hyderabad-pune-bengaluru-2-to-5-years-280426933034,applied,2026-04-30T21:00:32.591359+00:00,2026-04-28T17:47:17+00:00,2026-04-30T16:48:10.361113+00:00,,f4776ff5-e44f-41dd-86c6-fd94944542ca,VIKAS_POKALA_TALENT_CORNER_HR_SERVICES_PVT_LTD_NAUKRI_280426933034.pdf,personalized_resumes,
4407347073,Whatfix,Back End Developer,"Bengaluru, Karnataka, India",linkedin,https://www.linkedin.com/jobs/view/4407347073/,applied,2026-04-30T20:57:58.064962+00:00,,2026-04-30T16:48:10.361113+00:00,https://www.linkedin.com/jobs/view/4407347073/,1a5aaab1-08f6-4a92-8a9f-951d1a6e1160,VIKAS_POKALA_WHATFIX_4407347073.pdf,personalized_resumes,
4409012308,Hyland,Developer 2,Greater Hyderabad Area,linkedin,https://www.linkedin.com/jobs/view/4409012308/,applied,2026-04-30T20:57:08.075081+00:00,,2026-04-30T16:48:10.361113+00:00,https://www.linkedin.com/jobs/view/4409012308/,535221d7-9500-4198-960d-3a3a645e51fe,VIKAS_POKALA_HYLAND_4409012308.pdf,personalized_resumes,
naukri:300426921495,IDESLABS PRIVATE LIMITED,Sr. Software Engineer,"Hyderabad, Telangana, India",naukri,https://www.naukri.com/job-listings-sr-software-engineer-ideslabs-private-limited-hyderabad-2-to-7-years-300426921495,applied,2026-04-30T20:53:42.594257+00:00,2026-04-30T14:16:12+00:00,2026-04-30T16:48:10.361113+00:00,,,,personalized_resumes,
naukri:300426925130,AARNA HR SOLUTIONS PVT LTD,Software Engineer,India,naukri,https://www.naukri.com/job-listings-software-engineer-aarna-hr-solutions-pvt-ltd-pune-1-to-6-years-300426925130,applied,2026-04-30T20:45:24.90651+00:00,2026-04-30T15:59:20+00:00,2026-04-30T16:48:10.361113+00:00,,,,personalized_resumes,
naukri:300426913932,Leadpulse.io,Full stack Developer,"Hyderabad, Telangana, India",naukri,https://www.naukri.com/job-listings-full-stack-developer-leadpulse-io-hyderabad-bengaluru-delhi-ncr-2-to-3-years-300426913932,applied,2026-04-30T20:44:27.321308+00:00,2026-04-30T10:49:41+00:00,2026-04-30T16:48:10.361113+00:00,,,,personalized_resumes,
4398073044,JPMorganChase,Software Engineer III - Java FullStack,"Hyderabad, Telangana, India",linkedin,https://www.linkedin.com/jobs/view/4398073044/,applied,2026-04-30T20:44:07.193322+00:00,,2026-04-30T16:48:10.361113+00:00,https://www.linkedin.com/jobs/view/4398073044/,,,personalized_resumes,
naukri:300426037996,Home Bazaar Services,Web Developer,India,naukri,https://www.naukri.com/job-listings-web-developer-home-bazaar-services-thane-navi-mumbai-mumbai-all-areas-2-to-6-years-300426037996,applied,2026-04-30T20:42:46.117339+00:00,2026-04-30T18:45:22+00:00,2026-04-30T16:48:10.361113+00:00,,75aad4bb-aad0-4155-907a-f9d71058a483,VIKAS_POKALA_HOME_BAZAAR_SERVICES_NAUKRI_300426037996.pdf,personalized_resumes,
4406983982,Victrix Inc.,Java Backend Developer,"Pune Division, Maharashtra, India",linkedin,https://www.linkedin.com/jobs/view/4406983982/,applied,2026-04-30T20:42:25.75735+00:00,,2026-04-30T16:48:10.361113+00:00,https://www.linkedin.com/jobs/view/4406983982/,24a54e14-7f7f-48b6-9959-21b79bddad08,VIKAS_POKALA_VICTRIX_INC_4406983982.pdf,personalized_resumes,
naukri:110323003865,Balasundaram Santosh,Hiring Software Engineers - Fresher & Experienced Both,"Hyderabad, Telangana, India",naukri,https://www.naukri.com/job-listings-hiring-software-engineers-fresher-experienced-both-balasundaram-santosh-hyderabad-secunderabad-chennai-bangalore-bengaluru-0-to-5-years-110323003865,applied,2026-04-30T20:39:19.263118+00:00,2026-04-28T19:50:42+00:00,2026-04-30T16:48:10.361113+00:00,,236de164-6be7-4184-83c3-12d367198777,VIKAS_POKALA_BALASUNDARAM_SANTOSH_NAUKRI_110323003865.pdf,personalized_resumes,
naukri:300426039195,Stemford India,Senior Java Backend Developer,India,naukri,https://www.naukri.com/job-listings-senior-java-backend-developer-stemford-india-gurugram-2-to-6-years-300426039195,applied,2026-04-30T20:38:01.928767+00:00,2026-04-30T18:59:41+00:00,2026-04-30T16:48:10.361113+00:00,,49186e19-2007-4560-985a-64a7b62070ff,VIKAS_POKALA_STEMFORD_INDIA_NAUKRI_300426039195.pdf,personalized_resumes,
4407402397,BairesDev,Junior JavaScript Developer - Remote Work,"Bengaluru, Karnataka, India",linkedin,https://www.linkedin.com/jobs/view/4407402397/,applied,2026-04-30T20:20:11.812679+00:00,,2026-04-28T15:32:02.94218+00:00,https://www.linkedin.com/jobs/view/4407402397/,da460599-0fce-4449-96dd-e69edfbe5a50,VIKAS_POKALA_BAIRESDEV_4407402397.pdf,personalized_resumes,
4406539362,BolsterBiz,Junior Full Stack Engineer,"Delhi, India",linkedin,https://www.linkedin.com/jobs/view/4406539362/,previously_applied,2026-04-29T21:06:17.760365+00:00,,2026-04-28T15:32:02.94218+00:00,https://www.linkedin.com/jobs/view/4406539362/,28ac0b0c-1e06-46c2-bb15-92d42ec44e1b,,personalized_resumes,
4406538553,Michael Page,Full Stack and AI Engineer role,Mumbai Metropolitan Region,linkedin,https://www.linkedin.com/jobs/view/4406538553/,previously_applied,2026-04-29T21:01:27.409887+00:00,,2026-04-28T15:32:02.94218+00:00,https://www.linkedin.com/jobs/view/4406538553/,2347af24-06e3-44ad-b63c-39afa64d2ec0,,personalized_resumes,
manual_4deeeedb1a196663,Equifax,Software Engineer - Intermediate,"Trivandrum / Pune, India",careers.equifax.com,https://careers.equifax.com/en/jobs/j00174833/software-engineer-intermediate/,previously_applied,2026-04-29T20:55:35.183092+00:00,,2026-04-29T20:51:52.04446+00:00,,ce61ce3a-6c3c-4099-a14b-bed1c1ee7090,,personalized_resumes,
4395422164,Equifax,Java Developer,"Trivandrum, Kerala, India",linkedin,https://www.linkedin.com/jobs/view/4395422164/,previously_applied,2026-04-29T20:51:41.280537+00:00,,2026-04-28T15:32:02.94218+00:00,https://www.linkedin.com/jobs/view/4395422164/,49f11af9-3adf-41a5-b168-0915269abb28,,personalized_resumes,
4406275925,GiGa-Ops Global Solutions,Sr Backend Engineer,"Bengaluru, Karnataka, India",linkedin,https://www.linkedin.com/jobs/view/4406275925/,previously_applied,2026-04-29T20:45:10.344292+00:00,,2026-04-28T15:32:02.94218+00:00,https://www.linkedin.com/jobs/view/4406275925/,dd943fc5-960c-4baa-92ae-7bd9af42203b,,personalized_resumes,
4407171347,Atomicwork,Backend Developer,"Bengaluru, Karnataka, India",linkedin,https://www.linkedin.com/jobs/view/4407171347/,previously_applied,2026-04-29T20:41:15.507605+00:00,,2026-04-28T15:32:02.94218+00:00,https://www.linkedin.com/jobs/view/4407171347/,bea7d43c-2553-4638-9714-fee2bdeb0e6c,,personalized_resumes,
naukri:280426016589,Credx,Senior Backend Developer,"Hyderabad, Telangana, India",naukri,https://www.naukri.com/job-listings-senior-backend-developer-credx-hyderabad-3-to-5-years-280426016589,previously_applied,2026-04-29T20:39:02.092497+00:00,2026-04-28T13:10:37+00:00,2026-04-28T15:32:02.94218+00:00,,f19d1dd9-faca-433a-b16d-d785252b944d,,personalized_resumes,
4407582730,Societe Generale Global Solution Centre,Specialist Software Engineer|Developer |JAVA JDK 17 + Spring boot |REACT |Bootstrap |SSE |FTE,"Bengaluru, Karnataka, India",linkedin,https://www.linkedin.com/jobs/view/4407582730/,previously_applied,2026-04-29T18:47:55.536988+00:00,,2026-04-28T15:32:02.94218+00:00,https://www.linkedin.com/jobs/view/4407582730/,44d6e25f-1825-4ad0-a3af-434fd06d9ba0,,personalized_resumes,
4405192093,Barclays,Java Fullstack Developer,"Pune Division, Maharashtra, India",linkedin,https://www.linkedin.com/jobs/view/4405192093/,previously_applied,2026-04-29T17:49:30.102049+00:00,,2026-04-28T15:32:02.94218+00:00,https://www.linkedin.com/jobs/view/4405192093/,e1f75851-a69e-46c5-9247-43e20b31909c,,personalized_resumes,
manual_0b1b7ec51cb4ae2c,Seconize,Full Stack Engineer,"Bengaluru, Karnataka, India",linkedin.com,https://www.linkedin.com/jobs/view/4406205523/?alternateChannel=search&eBP=NON_CHARGEABLE_CHANNEL&trk=d_flagship3_company&refId=0PPTPQ1lKOKoDrGzrLkbnQ%3D%3D&trackingId=lGcVhOmgHgBZ1yx9sakveg%3D%3D,previously_applied,2026-04-29T17:43:34.785168+00:00,,2026-04-28T18:30:30.338512+00:00,,88cf9652-d0da-488a-8eef-9aae59cee273,,personalized_resumes,
naukri:230426034588,Infosys,Java Developer- B,"Hyderabad, Telangana, India",naukri,https://www.naukri.com/job-listings-java-developer-b-infosys-hyderabad-chennai-bengaluru-3-to-8-years-230426034588,previously_applied,2026-04-29T17:29:22.956977+00:00,2026-04-27T18:55:58+00:00,2026-04-28T15:32:02.94218+00:00,,280cdddd-23a8-4b97-bcb4-4781bcbfb717,,personalized_resumes,
4405943991,RagaAI Inc,SDE 1 - (Frontend Developer),"Bengaluru, Karnataka, India",linkedin,https://www.linkedin.com/jobs/view/4405943991/,previously_applied,2026-04-29T17:28:47.353775+00:00,,2026-04-28T15:32:02.94218+00:00,https://www.linkedin.com/jobs/view/4405943991/,a615d054-aec4-43cb-9877-6b4f33d3f422,,personalized_resumes,
4407822452,Capgemini,Java Engineer,"Bengaluru, Karnataka, India",linkedin,https://www.linkedin.com/jobs/view/4407822452/,previously_applied,2026-04-29T17:25:16.839265+00:00,,2026-04-28T15:32:02.94218+00:00,https://www.linkedin.com/jobs/view/4407822452/,019be1e7-606b-4952-a95a-0a3339324a80,,personalized_resumes,
naukri:270426035976,Fortified Infotech EDI,Software & Sr Software Engineer,"Hyderabad, Telangana, India",naukri,https://www.naukri.com/job-listings-software-sr-software-engineer-fortified-infotech-edi-kolkata-hyderabad-pune-ahmedabad-chennai-bengaluru-delhi-ncr-mumbai-all-areas-0-to-5-years-270426035976,previously_applied,2026-04-29T16:29:00.803566+00:00,2026-04-27T23:41:31+00:00,2026-04-28T15:32:02.94218+00:00,,8196966c-fd93-46c4-94f8-f1759f487b63,,personalized_resumes,
manual_bd2f5d022345c956,Qualcomm,Engineer,"Hyderabad, TS, IN",careers.qualcomm.com,https://careers.qualcomm.com/careers?start=0&pid=446716071862&sort_by=timestamp,previously_applied,2026-04-29T16:28:46.240063+00:00,,2026-04-29T16:16:10.59249+00:00,,75eaf215-b4bb-4d47-9e9e-8ce40d4aec12,,personalized_resumes,
4407407093,DotPe,Frontend Developer,"Gurugram, Haryana, India",linkedin,https://www.linkedin.com/jobs/view/4407407093/,previously_applied,2026-04-29T16:09:49.645338+00:00,,2026-04-28T15:32:02.94218+00:00,https://www.linkedin.com/jobs/view/4407407093/,fdb6194a-4903-4b64-a1f8-b3ff865c4d9f,,personalized_resumes,
naukri:280426930544,Tekskills India Private Limited,Java Full Stack Developer,"Bengaluru, Karnataka, India",naukri,https://www.naukri.com/job-listings-java-full-stack-developer-tekskills-india-private-limited-bengaluru-3-to-8-years-280426930544,previously_applied,2026-04-29T16:07:26.359675+00:00,2026-04-28T17:17:50+00:00,2026-04-28T15:32:02.94218+00:00,,0ccd1715-b36a-45e0-8517-728a5396ab93,,personalized_resumes,
4407815117,Calyptus,Backend Engineer,"New Delhi, Delhi, India",linkedin,https://www.linkedin.com/jobs/view/4407815117/,previously_applied,2026-04-29T15:40:45.874592+00:00,,2026-04-28T15:32:02.94218+00:00,https://www.linkedin.com/jobs/view/4407815117/,f8c34b6c-c642-49bc-b8d6-bbc1c83926fd,,personalized_resumes,
naukri:270426008967,Centre for Good Governance (CGG),Java Developer,"Hyderabad, Telangana, India",naukri,https://www.naukri.com/job-listings-java-developer-centre-for-good-governance-cgg-hyderabad-3-to-5-years-270426008967,previously_applied,2026-04-29T15:40:01.988557+00:00,2026-04-27T13:06:16+00:00,2026-04-28T15:32:02.94218+00:00,,9c552eb6-95f6-4a12-87e5-1dd9c61fbefd,,personalized_resumes,
4406520866,L&T Technology Services,java Developer,"Chennai, Tamil Nadu, India",linkedin,https://www.linkedin.com/jobs/view/4406520866/,previously_applied,2026-04-29T15:39:18.974455+00:00,,2026-04-28T15:32:02.94218+00:00,https://www.linkedin.com/jobs/view/4406520866/,08abd73a-9cab-47a4-8dab-3a9ddfccbe73,,personalized_resumes,
manual_7213d357ff1f0559,JMJ Consultants,Backend Engineer - Java,Bangalore,hirist.tech,https://www.hirist.tech/j/backend-engineer-java-1632164?ref=jf&pref=LinkedIn&jobPos=3,previously_applied,2026-04-29T15:37:12.747286+00:00,,2026-04-29T15:36:02.236476+00:00,,041b1786-9f45-44e5-a892-a4571ea57cc6,,personalized_resumes,
4407565254,VAYUZ Technologies,Java/Python Developer,"Itanagar, Arunachal Pradesh, India",linkedin,https://www.linkedin.com/jobs/view/4407565254/,previously_applied,2026-04-29T15:36:44.060266+00:00,,2026-04-28T15:32:02.94218+00:00,https://www.linkedin.com/jobs/view/4407565254/,af2bed54-0442-4a70-8d05-501674b35cd9,,personalized_resumes,
naukri:280426034748,6D Technologies,Java Full Stack Developer,"Bengaluru, Karnataka, India",naukri,https://www.naukri.com/job-listings-java-full-stack-developer-6d-technologies-bengaluru-2-to-4-years-280426034748,previously_applied,2026-04-29T15:24:09.998128+00:00,2026-04-28T18:06:39+00:00,2026-04-28T15:32:02.94218+00:00,,2f6a6f7a-da81-4da1-9836-7c54dfee8e62,,personalized_resumes,
4406282401,South Guild Tech,Fullstack Engineer (1-3Yrs),"Bengaluru, Karnataka, India",linkedin,https://www.linkedin.com/jobs/view/4406282401/,previously_applied,2026-04-29T15:23:27.514325+00:00,,2026-04-28T15:32:02.94218+00:00,https://www.linkedin.com/jobs/view/4406282401/,ee541c59-2336-49a0-8657-f2cdf0aa5af5,,personalized_resumes,
naukri:280426930506,Tekskills India Private Limited,Java Developer,India,naukri,https://www.naukri.com/job-listings-java-developer-tekskills-india-private-limited-mumbai-2-to-6-years-280426930506,previously_applied,2026-04-29T15:05:16.952438+00:00,2026-04-28T17:17:17+00:00,2026-04-28T15:32:02.94218+00:00,,f23a0b9d-944a-4e29-9d74-c6a427b836e1,,personalized_resumes,
4406291538,Ariqt Global Technologies,Java Full Stack Developer,"Hyderabad, Telangana, India",linkedin,https://www.linkedin.com/jobs/view/4406291538/,previously_applied,2026-04-29T15:04:28.765435+00:00,,2026-04-28T15:32:02.94218+00:00,https://www.linkedin.com/jobs/view/4406291538/,f44dd14e-56f5-4632-a6fb-9ba07c3129ec,,personalized_resumes,
naukri:250426007724,Softmason Technologies India,Java Developer,"Hyderabad, Telangana, India",naukri,https://www.naukri.com/job-listings-java-developer-softmason-technologies-india-hyderabad-chennai-bengaluru-0-to-2-years-250426007724,previously_applied,2026-04-29T15:01:36.315287+00:00,2026-04-28T13:43:19+00:00,2026-04-28T15:32:02.94218+00:00,,60df1899-1fc5-4309-8d02-2c22728b7acd,,personalized_resumes,
naukri:140825022400,Jobsmill,Java Developer,"Hyderabad, Telangana, India",naukri,https://www.naukri.com/job-listings-java-developer-jobsmill-business-solutions-private-limited-hyderabad-bengaluru-0-to-5-years-140825022400,previously_applied,2026-04-29T14:30:21.247982+00:00,2026-04-25T00:12:33+00:00,2026-04-28T15:32:02.94218+00:00,,7c2db727-849a-46c0-976c-af5b54d4548f,,personalized_resumes,
4407420760,TriNet,Software Engineer,"Hyderabad, Telangana, India",linkedin,https://www.linkedin.com/jobs/view/4407420760/,previously_applied,2026-04-29T14:26:28.729584+00:00,,2026-04-28T15:32:02.94218+00:00,https://www.linkedin.com/jobs/view/4407420760/,9649c430-c6c1-4a38-8793-e3ee46524a55,,personalized_resumes,
4405937442,Birlasoft,Technical Specialist-App Development,Greater Bengaluru Area,linkedin,https://www.linkedin.com/jobs/view/4405937442/,previously_applied,2026-04-29T14:19:30.510831+00:00,,2026-04-28T15:32:02.94218+00:00,https://www.linkedin.com/jobs/view/4405937442/,5a8d5004-7295-4119-9e47-a4790af85155,,personalized_resumes,
4406531660,Somewhere,Back End Developer,India,linkedin,https://www.linkedin.com/jobs/view/4406531660/,previously_applied,2026-04-28T18:13:06.083075+00:00,,2026-04-28T15:32:02.94218+00:00,https://www.linkedin.com/jobs/view/4406531660/,6875c7d1-cd31-4644-bbed-1236f83a0714,,personalized_resumes,
4406515904,TurboHire,Full Stack Engineer,"Hyderabad, Telangana, India",linkedin,https://www.linkedin.com/jobs/view/4406515904/,previously_applied,2026-04-28T17:06:13.42556+00:00,,2026-04-28T15:32:02.94218+00:00,https://www.linkedin.com/jobs/view/4406515904/,4bf5c6cc-d1d7-4e30-8530-c2bdfe565966,,personalized_resumes,
naukri:280426031750,White Collar Job,Full-Stack Developer,India,naukri,https://www.naukri.com/job-listings-full-stack-developer-white-collar-ahmedabad-1-to-5-years-280426031750,previously_applied,2026-04-28T17:03:00.020686+00:00,2026-04-28T17:32:04+00:00,2026-04-28T15:32:02.94218+00:00,,6bf13357-e995-4765-a0bf-8c7c407e5cd3,,personalized_resumes,
4394438702,Franklin Templeton,"Software Engineer (Java, React & Python)","Hyderabad, Telangana, India",linkedin,https://www.linkedin.com/jobs/view/4394438702/,previously_applied,2026-04-27T21:41:21.96006+00:00,,2026-04-27T15:55:00.467075+00:00,https://www.linkedin.com/jobs/view/4394438702/,23dbc742-f894-4e99-9264-8901b60d327a,,personalized_resumes,
manual_b1fe6bc9a9376851,JPMorganChase,Software Engineer II,"Hyderabad, Telangana, India",linkedin.com,https://www.linkedin.com/jobs/view/4407499389/?alternateChannel=search&eBP=NOT_ELIGIBLE_FOR_CHARGING&refId=t2qpor%2BcEM6jE6yBZ0X6sA%3D%3D&trackingId=WcLRaey0kOwaNarDSBQf9g%3D%3D,previously_applied,2026-04-27T21:31:03.155594+00:00,,2026-04-27T21:18:58.943418+00:00,,91cba977-b13a-416b-a0fc-518583705b71,,personalized_resumes,
manual_bafe2c459f2bfc32,Cornerstone OnDemand,Junior Engineer,"Hyderabad, Telangana, India",linkedin.com,https://www.linkedin.com/jobs/view/4407404384/?alternateChannel=search&eBP=BUDGET_EXHAUSTED_JOB&refId=4IblAa1WxkTn6cc6dLpTog%3D%3D&trackingId=s7rfrNzUvu2oe0eJKzJxjQ%3D%3D,previously_applied,2026-04-27T21:26:12.395006+00:00,,2026-04-27T21:15:13.763475+00:00,,e10e7d39-a2b4-4cc5-bd04-bcbe602316b8,,personalized_resumes,
manual_d2620aa63bf34094,Verify Shield,Full Stack Engineer,"Hyderabad, Telangana, India",linkedin.com,https://www.linkedin.com/jobs/view/4395975927/?alternateChannel=search&eBP=NON_CHARGEABLE_CHANNEL&refId=5fk%2Fu47lNY8p97B%2FUqdGIA%3D%3D&trackingId=9AEa3jO0aaKbHucP9WYDxw%3D%3D,previously_applied,2026-04-27T21:13:45.29987+00:00,,2026-04-27T21:12:05.173659+00:00,,f306c463-7130-44e9-be42-efb276fdaeea,,personalized_resumes,
4405999836,Docdort,JAVA DEVELOPER,"Bengaluru, Karnataka, India",linkedin,https://www.linkedin.com/jobs/view/4405999836/,previously_applied,2026-04-27T21:09:10.311037+00:00,,2026-04-27T18:31:43.655504+00:00,https://www.linkedin.com/jobs/view/4405999836/,78a2b0ad-df76-47b5-980a-5aff99380d67,,personalized_resumes,
4407175736,Talkdesk,Software Engineer II,"Bengaluru, Karnataka, India",linkedin,https://www.linkedin.com/jobs/view/4407175736/,previously_applied,2026-04-27T21:05:39.513994+00:00,,2026-04-27T18:31:43.655504+00:00,https://www.linkedin.com/jobs/view/4407175736/,84cd49b4-6586-4794-b7c1-a091ede1a9ce,,personalized_resumes,
4386021656,LUXASIA,Full Stack Engineer,"Delhi, India",linkedin,https://www.linkedin.com/jobs/view/4386021656/,previously_applied,2026-04-27T20:58:57.347307+00:00,,2026-04-27T18:31:43.655504+00:00,https://www.linkedin.com/jobs/view/4386021656/,a630b205-e724-40d5-92f3-12a69bdc1b76,,personalized_resumes,
4407409488,Fidelity Investments,Full Stack Engineer,"Chennai, Tamil Nadu, India",linkedin,https://www.linkedin.com/jobs/view/4407409488/,previously_applied,2026-04-27T20:55:36.623755+00:00,,2026-04-27T18:31:43.655504+00:00,https://www.linkedin.com/jobs/view/4407409488/,e86278e7-d541-4b43-85d2-989ededd0faf,,personalized_resumes,
4407129427,CO-MD Inc.,Full Stack Engineer,"New Delhi, Delhi, India",linkedin,https://www.linkedin.com/jobs/view/4407129427/,previously_applied,2026-04-27T20:50:29.145769+00:00,,2026-04-27T18:31:43.655504+00:00,https://www.linkedin.com/jobs/view/4407129427/,c3ffb416-c8cd-4d9e-9026-1fa93a103f97,,personalized_resumes,
4407403299,Alation,Software Engineer II,Greater Chennai Area,linkedin,https://www.linkedin.com/jobs/view/4407403299/,previously_applied,2026-04-27T20:49:25.439344+00:00,,2026-04-27T18:31:43.655504+00:00,https://www.linkedin.com/jobs/view/4407403299/,91855d3e-bb55-4f64-a407-1eb4cdc5532a,,personalized_resumes,
4407170695,TekIT Software Solutions Pvt. Ltd. (India & USA),Full Stack Engineer,"Bengaluru, Karnataka, India",linkedin,https://www.linkedin.com/jobs/view/4407170695/,previously_applied,2026-04-27T20:39:27.604836+00:00,,2026-04-27T18:31:43.655504+00:00,https://www.linkedin.com/jobs/view/4407170695/,008d51c8-2d5e-4128-8cdc-3581301cb35b,,personalized_resumes,
4404695388,MyCareernet,Software Engineer - Java Developer_97987,"Bengaluru, Karnataka, India",linkedin,https://www.linkedin.com/jobs/view/4404695388/,previously_applied,2026-04-27T20:38:20.1851+00:00,,2026-04-27T18:31:43.655504+00:00,https://www.linkedin.com/jobs/view/4404695388/,b829448d-8a54-4a93-b267-3a9711186588,,personalized_resumes,
4407156829,BOMBAYDC,"Full Stack Web Developer (React/Next.js, Node) - Immediate joiners preferred","Mumbai, Maharashtra, India",linkedin,https://www.linkedin.com/jobs/view/4407156829/,previously_applied,2026-04-27T20:24:09.916309+00:00,,2026-04-27T18:31:43.655504+00:00,https://www.linkedin.com/jobs/view/4407156829/,1aebc5b6-e346-4b1a-ad64-ca32d0f53b31,,personalized_resumes,
4397910294,project44,Software Engineer 2,"Bengaluru, Karnataka, India",linkedin,https://www.linkedin.com/jobs/view/4397910294/,previously_applied,2026-04-27T20:22:49.041999+00:00,,2026-04-27T18:31:43.655504+00:00,https://www.linkedin.com/jobs/view/4397910294/,1472f7c4-e212-4a1e-bb4a-4833c0ea6987,,personalized_resumes,
4407469129,Quik Hire Staffing,Full Stack Developer (Remote),"Mumbai, Maharashtra, India",linkedin,https://www.linkedin.com/jobs/view/4407469129/,previously_applied,2026-04-27T20:13:19.414687+00:00,,2026-04-27T18:31:43.655504+00:00,https://www.linkedin.com/jobs/view/4407469129/,,,personalized_resumes,
4407457266,Quik Hire Staffing,Full Stack Developer (Remote),"Hyderabad, Telangana, India",linkedin,https://www.linkedin.com/jobs/view/4407457266/,previously_applied,2026-04-27T20:12:57.302634+00:00,,2026-04-27T18:31:43.655504+00:00,https://www.linkedin.com/jobs/view/4407457266/,,,personalized_resumes,
4405116022,Microsoft AI,Software Engineer II,"Hyderabad, Telangana, India",linkedin,https://www.linkedin.com/jobs/view/4405116022/,previously_applied,2026-04-27T20:12:03.121772+00:00,,2026-04-27T18:31:43.655504+00:00,https://www.linkedin.com/jobs/view/4405116022/,2376e92f-f93b-4503-a0dc-f04acd90cf58,,personalized_resumes,
4407446966,Quik Hire Staffing,Full Stack Developer (Remote),"Bengaluru, Karnataka, India",linkedin,https://www.linkedin.com/jobs/view/4407446966/,previously_applied,2026-04-27T20:00:31.02644+00:00,,2026-04-27T18:31:43.655504+00:00,https://www.linkedin.com/jobs/view/4407446966/,bff978c3-bac8-4ae0-908f-42643121cb83,,personalized_resumes,
4407186956,GIVA,SDE 1,"Bangalore Urban, Karnataka, India",linkedin,https://www.linkedin.com/jobs/view/4407186956/,previously_applied,2026-04-27T19:59:59.414467+00:00,,2026-04-27T18:31:43.655504+00:00,https://www.linkedin.com/jobs/view/4407186956/,2b4afcdc-ff89-4b78-9168-481eb6d2eeb7,,personalized_resumes,
naukri:210426029007,Tata Consultancy Services,TCS//Job Opening//JAVA Developer//3-7 Yrs//S,"Hyderabad, Telangana, India",naukri,https://www.naukri.com/job-listings-tcs-opening-java-developer-3-7-yrs-s-tata-consultancy-services-hyderabad-bengaluru-3-to-8-years-210426029007,previously_applied,2026-04-27T19:56:36.471971+00:00,2026-04-21T13:29:16+00:00,2026-04-27T18:31:43.655504+00:00,,,,personalized_resumes,
naukri:240426019341,Bounteous x Accolite,Java Full Stack Developer,"Bengaluru, Karnataka, India",naukri,https://www.naukri.com/job-listings-java-full-stack-developer-bounteous-x-accolite-bengaluru-3-to-8-years-240426019341,previously_applied,2026-04-24T17:41:10.915839+00:00,2026-04-24T14:18:41+00:00,2026-04-24T15:37:11.357176+00:00,,,,personalized_resumes,
4405601500,People Tech Group Inc,Java developer,"Hyderabad, Telangana, India",linkedin,https://www.linkedin.com/jobs/view/4405601500/,previously_applied,2026-04-23T18:17:21.950454+00:00,,2026-04-23T14:14:29.602293+00:00,https://www.linkedin.com/jobs/view/4405601500/,c30b58a6-2018-4472-be0f-add0d2026239,,personalized_resumes,
4405653459,Eaglehires HR Solutions Pvt Ltd,Full Stack Engineer,"Mumbai, Maharashtra, India",linkedin,https://www.linkedin.com/jobs/view/4405653459/,previously_applied,2026-04-23T18:15:04.336535+00:00,,2026-04-23T14:14:29.602293+00:00,https://www.linkedin.com/jobs/view/4405653459/,ee84f19b-14c3-4f64-b011-f5e15d97fcc5,,personalized_resumes,
4404732873,hackajob,"Security Engineer II - Java ,React Full Stack Developer","Hyderabad, Telangana, India",linkedin,https://www.linkedin.com/jobs/view/4404732873/,previously_applied,2026-04-23T18:13:36.184828+00:00,,2026-04-23T14:14:29.602293+00:00,https://www.linkedin.com/jobs/view/4404732873/,b65724e5-ef68-4aeb-9b5c-a1d0c6780caf,,personalized_resumes,
naukri:160426501404,Coderound Ai,Java Backend Developer,"Hyderabad, Telangana, India",naukri,https://www.naukri.com/job-listings-java-backend-developer-coderound-ai-hyderabad-3-to-8-years-160426501404,previously_applied,2026-04-23T18:06:17.241371+00:00,2026-04-16T13:21:29+00:00,2026-04-23T14:14:29.602293+00:00,,280a1c4c-d1cf-4f68-b6b0-6d663fbdcf09,,personalized_resumes,
4405280574,Uber,Software Engineer II - Backend,"Bengaluru, Karnataka, India",linkedin,https://www.linkedin.com/jobs/view/4405280574/,previously_applied,2026-04-23T18:03:37.138354+00:00,,2026-04-23T14:14:29.602293+00:00,https://www.linkedin.com/jobs/view/4405280574/,a8e3abbf-7943-43cf-886f-3f6ea18e1f76,,personalized_resumes,
4404728463,Recro,Full Stack Engineer,"Bengaluru, Karnataka, India",linkedin,https://www.linkedin.com/jobs/view/4404728463/,previously_applied,2026-04-23T17:56:14.696899+00:00,,2026-04-23T14:14:29.602293+00:00,https://www.linkedin.com/jobs/view/4404728463/,b3950eb3-f041-441a-8654-15e2a48056eb,,personalized_resumes,
4402813814,NCR Atleos,SW Engineer I- Java Developer,Mumbai Metropolitan Region,linkedin,https://www.linkedin.com/jobs/view/4402813814/,previously_applied,2026-04-23T17:53:54.795859+00:00,,2026-04-23T14:14:29.602293+00:00,https://www.linkedin.com/jobs/view/4402813814/,dd3e160e-766e-4230-85a1-c6399af45a4f,,personalized_resumes,
4404739362,Licious,SDE 1 (Backend),"Bengaluru, Karnataka, India",linkedin,https://www.linkedin.com/jobs/view/4404739362/,previously_applied,2026-04-23T17:45:25.856501+00:00,,2026-04-23T14:14:29.602293+00:00,https://www.linkedin.com/jobs/view/4404739362/,32b57099-44b1-4ff8-aa13-586964f2763a,,personalized_resumes,
4404705707,Thoughtiv,Full Stack Developer,"Hyderabad, Telangana, India",linkedin,https://www.linkedin.com/jobs/view/4404705707/,previously_applied,2026-04-23T17:43:03.332884+00:00,,2026-04-23T14:14:29.602293+00:00,https://www.linkedin.com/jobs/view/4404705707/,94b58acb-0fca-4e32-8a2e-a6c94a3ab955,,personalized_resumes,
4404700693,Quantum Paradigm,Full Stack Developer,"Bengaluru, Karnataka, India",linkedin,https://www.linkedin.com/jobs/view/4404700693/,previously_applied,2026-04-23T17:38:48.847675+00:00,,2026-04-23T14:14:29.602293+00:00,https://www.linkedin.com/jobs/view/4404700693/,8e66c5bf-65f6-4967-b3f5-b6b86f8ce773,,personalized_resumes,
4404996995,SymphonyAI,Associate Software Engineer (Java) – Remote,"Bengaluru, Karnataka, India",linkedin,https://www.linkedin.com/jobs/view/4404996995/,previously_applied,2026-04-23T17:33:02.273813+00:00,,2026-04-23T14:14:29.602293+00:00,https://www.linkedin.com/jobs/view/4404996995/,a0e04bdd-e7a3-4471-a039-ac4017f3e884,,personalized_resumes,
naukri:230426918202,Fujitsu,Software Engineer II,"Bengaluru, Karnataka, India",naukri,https://www.naukri.com/job-listings-software-engineer-ii-fujitsu-consulting-india-pvt-ltd-bengaluru-2-to-5-years-230426918202,previously_applied,2026-04-23T16:41:41.042598+00:00,2026-04-23T12:34:13+00:00,2026-04-23T14:14:29.602293+00:00,,ae6ab21c-664a-4794-aef0-7fe5b99b9a5d,,personalized_resumes,
4391880153,Citi,Java Full Stack Engineer,"Chennai, Tamil Nadu, India",linkedin,https://www.linkedin.com/jobs/view/4391880153/,previously_applied,2026-04-22T15:05:45.911873+00:00,,2026-04-21T13:46:20.59875+00:00,https://www.linkedin.com/jobs/view/4391880153/,d0f6a7f7-3fe9-48ab-bf6f-b3e35a54b1b3,,personalized_resumes,
4404553960,RiskInsight Consulting Pvt Ltd.,"Full Stack Developer(Reactjs,Nodejs)","Chennai, Tamil Nadu, India",linkedin,https://www.linkedin.com/jobs/view/4404553960/,previously_applied,2026-04-22T14:55:37.306904+00:00,,2026-04-21T13:46:20.59875+00:00,https://www.linkedin.com/jobs/view/4404553960/,8a9a1dae-f652-4c7d-9445-909dbc22019c,,personalized_resumes,
4403970467,Ascendion,Java Backend Developer,"Bengaluru, Karnataka, India",linkedin,https://www.linkedin.com/jobs/view/4403970467/,previously_applied,2026-04-22T14:46:37.430555+00:00,,2026-04-21T13:46:20.59875+00:00,https://www.linkedin.com/jobs/view/4403970467/,53d1f4e7-e4ae-477a-a0fd-8ce126ae550f,,personalized_resumes,
4401924876,Scryptin Labs,Junior Software Engineer,"Mumbai, Maharashtra, India",linkedin,https://www.linkedin.com/jobs/view/4401924876/,previously_applied,2026-04-21T14:36:10.367071+00:00,,2026-04-21T13:46:20.59875+00:00,https://www.linkedin.com/jobs/view/4401924876/,d334e12f-647b-4ad4-844d-e3ddc12aa7ed,,personalized_resumes,
4401606882,CareerXperts Consulting,Java Backend Developers - Microservices - TDD - CTC INR 35 to 45 L,"Chennai, Tamil Nadu, India",linkedin,https://www.linkedin.com/jobs/view/4401606882/,previously_applied,2026-04-20T23:29:04.910243+00:00,,2026-04-20T16:33:51.520453+00:00,https://www.linkedin.com/jobs/view/4401606882/,f25414f0-485a-4dca-aa4a-a0ee9f3f6ec4,,personalized_resumes,
4404062020,Weekday AI (YC W21),Golang Developer,"Bengaluru, Karnataka, India",linkedin,https://www.linkedin.com/jobs/view/4404062020/,previously_applied,2026-04-20T23:26:14.129426+00:00,,2026-04-20T16:33:51.520453+00:00,https://www.linkedin.com/jobs/view/4404062020/,8058d4f6-1227-45c5-923b-7d890ead425a,,personalized_resumes,
4403344803,KNOLSKAPE,Associate Software Engineer,Greater Bengaluru Area,linkedin,https://www.linkedin.com/jobs/view/4403344803/,previously_applied,2026-04-20T23:09:59.024898+00:00,,2026-04-20T16:33:51.520453+00:00,https://www.linkedin.com/jobs/view/4403344803/,7aa2bf78-0c4e-4730-bc2f-01c322090576,,personalized_resumes,
4403617252,Scoutit,Backend Software Engineer,"New Delhi, Delhi, India",linkedin,https://www.linkedin.com/jobs/view/4403617252/,previously_applied,2026-04-20T22:08:28.6589+00:00,,2026-04-20T16:33:51.520453+00:00,https://www.linkedin.com/jobs/view/4403617252/,f11bce82-d6b9-4fd1-b27f-4f3cdb78d739,,personalized_resumes,
4404306108,PayPal,Software Engineer - Fullstack,"Chennai, Tamil Nadu, India",linkedin,https://www.linkedin.com/jobs/view/4404306108/,previously_applied,2026-04-20T22:04:30.218827+00:00,,2026-04-20T16:33:51.520453+00:00,https://www.linkedin.com/jobs/view/4404306108/,1fefa3b4-310b-49ae-9a7d-914b98f49dae,,personalized_resumes,
4401294759,Joveo Ai,Software Development Engineer II (AI Engg),"Bangalore Urban, Karnataka, India",linkedin,https://www.linkedin.com/jobs/view/4401294759/,previously_applied,2026-04-20T21:57:54.344385+00:00,,2026-04-20T16:33:51.520453+00:00,https://www.linkedin.com/jobs/view/4401294759/,52911e39-e792-4281-9d76-9b83d859822f,,personalized_resumes,
4398753537,hackajob,LIQ Java Developer,"Chennai, Tamil Nadu, India",linkedin,https://www.linkedin.com/jobs/view/4398753537/,previously_applied,2026-04-20T21:55:50.645976+00:00,,2026-04-20T16:33:51.520453+00:00,https://www.linkedin.com/jobs/view/4398753537/,cf0bed05-e3eb-4e93-88fc-8abddfe89ef3,,personalized_resumes,
4401261676,KnowDis AI,Full Stack Engineer,"New Delhi, Delhi, India",linkedin,https://www.linkedin.com/jobs/view/4401261676/,previously_applied,2026-04-20T21:44:59.696835+00:00,,2026-04-20T16:33:51.520453+00:00,https://www.linkedin.com/jobs/view/4401261676/,8c1332ed-570f-4321-9818-178cf6e55621,,personalized_resumes,
4344540838,IBM,Full stack Software Developer – Product Development,"Bengaluru, Karnataka, India",linkedin,https://www.linkedin.com/jobs/view/4344540838/,previously_applied,2026-04-20T21:29:43.604146+00:00,,2026-04-20T16:33:51.520453+00:00,https://www.linkedin.com/jobs/view/4344540838/,4d9d7531-be3c-4de6-a428-514728525f6d,,personalized_resumes,
4401612741,"NTT DATA, Inc.",Full Stack Developer,"Bengaluru, Karnataka, India",linkedin,https://www.linkedin.com/jobs/view/4401612741/,previously_applied,2026-04-20T21:25:02.738934+00:00,,2026-04-20T16:33:51.520453+00:00,https://www.linkedin.com/jobs/view/4401612741/,ed6caf05-1391-4d17-9fbc-a5955a4b0565,,personalized_resumes,
4403398618,Unibots,Full Stack Developer,"Delhi, India",linkedin,https://www.linkedin.com/jobs/view/4403398618/,previously_applied,2026-04-20T21:19:03.006128+00:00,,2026-04-20T16:33:51.520453+00:00,https://www.linkedin.com/jobs/view/4403398618/,14b25fc8-f4a1-4713-ae68-709993b6a85a,,personalized_resumes,
4349479173,IBM,Application Developer-Cloud FullStack,"Bengaluru, Karnataka, India",linkedin,https://www.linkedin.com/jobs/view/4349479173/,previously_applied,2026-04-20T21:18:17.201064+00:00,,2026-04-20T16:33:51.520453+00:00,https://www.linkedin.com/jobs/view/4349479173/,d66f85f3-3f6b-4f52-8ca8-609e3c573392,,personalized_resumes,
4403363549,SolarWinds,Golang/Go Developer,"Bangalore Urban, Karnataka, India",linkedin,https://www.linkedin.com/jobs/view/4403363549/,previously_applied,2026-04-20T20:21:37.514386+00:00,,2026-04-20T16:33:51.520453+00:00,https://www.linkedin.com/jobs/view/4403363549/,d20902ee-4d6e-4f64-bd03-91242b479d5c,,personalized_resumes,
4401603887,MyCareernet,Java Developer_97737,"Bengaluru, Karnataka, India",linkedin,https://www.linkedin.com/jobs/view/4401603887/,previously_applied,2026-04-20T20:16:45.349102+00:00,,2026-04-20T16:33:51.520453+00:00,https://www.linkedin.com/jobs/view/4401603887/,7db53195-bbd8-467c-acef-31b8835eb8dd,,personalized_resumes,
4403614168,BairesDev,Junior JavaScript Developer - Remote Work,"Chennai, Tamil Nadu, India",linkedin,https://www.linkedin.com/jobs/view/4403614168/,previously_applied,2026-04-20T20:12:51.303609+00:00,,2026-04-20T16:33:51.520453+00:00,https://www.linkedin.com/jobs/view/4403614168/,34477eb5-9040-49d4-b18e-7f363d9b84ee,,personalized_resumes,
4401641025,M&G Global Services Private Limited,Full Stack Engineer,"Mumbai, Maharashtra, India",linkedin,https://www.linkedin.com/jobs/view/4401641025/,previously_applied,2026-04-20T18:44:00.188204+00:00,,2026-04-20T16:33:51.520453+00:00,https://www.linkedin.com/jobs/view/4401641025/,0c6e8e20-aafd-444a-9e35-a15723ce8b4f,,personalized_resumes,
4363476063,Teradata,Full Stack Engineer - AI Platform,"Hyderabad, Telangana, India",linkedin,https://www.linkedin.com/jobs/view/4363476063/,previously_applied,2026-04-20T18:33:58.623535+00:00,,2026-04-20T16:33:51.520453+00:00,https://www.linkedin.com/jobs/view/4363476063/,6ad865ff-e8e4-4b24-8d49-fab76d1a1d01,,personalized_resumes,
4395984022,hackajob,Software Engineer II,"Hyderabad, Telangana, India",linkedin,https://www.linkedin.com/jobs/view/4395984022/,previously_applied,2026-04-20T18:28:07.847146+00:00,,2026-04-20T16:33:51.520453+00:00,https://www.linkedin.com/jobs/view/4395984022/,10aa7939-ad29-435c-931b-1dfed40f5d0d,,personalized_resumes,
4401647298,Virtusa,Java Support,"Bangalore Urban, Karnataka, India",linkedin,https://www.linkedin.com/jobs/view/4401647298/,previously_applied,2026-04-20T18:26:06.754239+00:00,,2026-04-20T16:33:51.520453+00:00,https://www.linkedin.com/jobs/view/4401647298/,a084303a-1e83-4877-816c-2cd0ac26b06a,,personalized_resumes,
4404068626,Smarsh,Software Engineer I - Full Stack developer,"Bengaluru, Karnataka, India",linkedin,https://www.linkedin.com/jobs/view/4404068626/,previously_applied,2026-04-20T17:20:58.752729+00:00,,2026-04-20T16:33:51.520453+00:00,https://www.linkedin.com/jobs/view/4404068626/,0507d8bb-f334-4024-857e-cb40efdde1b8,,personalized_resumes,
4403617238,Scoutit,Java Backend Developer,"Bengaluru, Karnataka, India",linkedin,https://www.linkedin.com/jobs/view/4403617238/,previously_applied,2026-04-20T17:17:20.185807+00:00,,2026-04-20T16:33:51.520453+00:00,https://www.linkedin.com/jobs/view/4403617238/,5fe34e8d-7dd0-459f-aa16-c4dee24ede35,,personalized_resumes,
naukri:110226501044,Unison Group Com,Java Backend Developer,"Hyderabad, Telangana, India",naukri,https://www.naukri.com/job-listings-java-backend-developer-unison-group-hyderabad-2-to-5-years-110226501044,previously_applied,2026-04-19T17:46:12.367055+00:00,2026-02-11T13:38:42+00:00,2026-04-19T16:59:52.448993+00:00,,,,personalized_resumes,
naukri:090426009189,Srs Business Solutions India,Java Developer,"Hyderabad, Telangana, India",naukri,https://www.naukri.com/job-listings-java-developer-srs-business-solutions-india-hyderabad-1-to-3-years-090426009189,previously_applied,2026-04-19T17:45:51.215648+00:00,2026-04-09T10:49:35+00:00,2026-04-19T16:59:52.448993+00:00,,,,personalized_resumes,
naukri:150426015547,Master Works Software,Fullstack Developer,"Hyderabad, Telangana, India",naukri,https://www.naukri.com/job-listings-fullstack-developer-master-works-software-hyderabad-3-to-8-years-150426015547,previously_applied,2026-04-19T17:44:21.549299+00:00,2026-04-15T12:23:20+00:00,2026-04-19T16:59:52.448993+00:00,,,,personalized_resumes,
naukri:180426013786,Erudio Technologies,Python Full Stack Developer ( Pan India ),"Hyderabad, Telangana, India",naukri,https://www.naukri.com/job-listings-python-full-stack-developer-pan-india-erudio-technologies-hyderabad-chennai-bengaluru-3-to-8-years-180426013786,previously_applied,2026-04-19T17:43:38.695988+00:00,2026-04-18T15:37:45+00:00,2026-04-19T16:59:52.448993+00:00,,,,personalized_resumes,
naukri:010426015199,Advent Global Solutions,Spring Boot,"Hyderabad, Telangana, India",naukri,https://www.naukri.com/job-listings-spring-boot-advent-global-solutions-hyderabad-3-to-5-years-010426015199,previously_applied,2026-04-19T17:42:52.466402+00:00,2026-04-17T18:28:12+00:00,2026-04-19T16:59:52.448993+00:00,,,,personalized_resumes,
naukri:160426930377,Accenture,Custom Software Engineer,"Hyderabad, Telangana, India",naukri,https://www.naukri.com/job-listings-custom-software-engineer-accenture-solutions-pvt-ltd-hyderabad-3-to-8-years-160426930377,previously_applied,2026-04-19T17:42:33.306133+00:00,2026-04-16T17:25:10+00:00,2026-04-19T16:59:52.448993+00:00,,,,personalized_resumes,
naukri:130426921794,Accenture,Application Developer,"Hyderabad, Telangana, India",naukri,https://www.naukri.com/job-listings-application-developer-accenture-solutions-pvt-ltd-hyderabad-2-to-5-years-130426921794,previously_applied,2026-04-19T17:42:28.340586+00:00,2026-04-13T17:07:11+00:00,2026-04-19T16:59:52.448993+00:00,,,,personalized_resumes,
naukri:160426037714,PwC Service Delivery Center,Java Spring Boot Developer-Generative AI must have,"Hyderabad, Telangana, India",naukri,https://www.naukri.com/job-listings-java-spring-boot-developer-generative-ai-must-have-pwc-service-delivery-center-hyderabad-2-to-7-years-160426037714,previously_applied,2026-04-19T17:41:05.188466+00:00,2026-04-17T23:41:54+00:00,2026-04-19T16:59:52.448993+00:00,,,,personalized_resumes,
naukri:170426912291,Optum,Software Engineer JAVA FSD,"Hyderabad, Telangana, India",naukri,https://www.naukri.com/job-listings-software-engineer-java-fsd-optum-global-solutions-india-private-limited-hyderabad-2-to-7-years-170426912291,previously_applied,2026-04-19T17:40:32.715237+00:00,2026-04-17T11:22:26+00:00,2026-04-19T16:59:52.448993+00:00,,85b96091-7912-4b40-a808-5b3795703a14,,personalized_resumes,
naukri:290126010451,Talentov,SDE -1,"Hyderabad, Telangana, India",naukri,https://www.naukri.com/job-listings-sde-1-talentov-hyderabad-bengaluru-1-to-3-years-290126010451,previously_applied,2026-04-19T17:35:28.404553+00:00,2026-04-18T12:03:03+00:00,2026-04-19T16:59:52.448993+00:00,,,,personalized_resumes,
naukri:150426917825,PradeepIT Global consulting Pvt Ltd.,Java Fullstack Developer,"Hyderabad, Telangana, India",naukri,https://www.naukri.com/job-listings-java-fullstack-developer-pradeepit-global-consulting-pvt-ltd-hyderabad-3-to-8-years-150426917825,previously_applied,2026-04-19T16:29:48.710296+00:00,2026-04-15T13:20:37+00:00,2026-04-18T14:12:21.526583+00:00,,4d2ff75c-fc80-4d53-b131-86ef982262b4,,personalized_resumes,
naukri:150426917797,PradeepIT Global consulting Pvt Ltd.,Java Backend Developer,"Hyderabad, Telangana, India",naukri,https://www.naukri.com/job-listings-java-backend-developer-pradeepit-global-consulting-pvt-ltd-hyderabad-2-to-5-years-150426917797,previously_applied,2026-04-19T16:29:32.85912+00:00,2026-04-15T13:20:24+00:00,2026-04-18T14:12:21.526583+00:00,,572e6686-15c9-409b-8c83-fa12732f4b68,,personalized_resumes,
naukri:020426025449,BeQi Soft Technologies Pvt Ltd.,Fullstack Developer,"Hyderabad, Telangana, India",naukri,https://www.naukri.com/job-listings-fullstack-developer-beqi-soft-technologies-pvt-ltd-hyderabad-chennai-bengaluru-2-to-3-years-020426025449,previously_applied,2026-04-19T16:26:11.229092+00:00,2026-04-02T16:35:26+00:00,2026-04-18T14:16:08.809841+00:00,,,,personalized_resumes,
naukri:180326916978,IDESLABS PRIVATE LIMITED,Java Developer,"Hyderabad, Telangana, India",naukri,https://www.naukri.com/job-listings-java-developer-ideslabs-private-limited-hyderabad-3-to-8-years-180326916978,previously_applied,2026-04-19T16:25:53.579895+00:00,2026-03-18T12:23:33+00:00,2026-04-18T14:16:08.809841+00:00,,,,personalized_resumes,
naukri:140426920108,Experian,Java Professional,"Hyderabad, Telangana, India",naukri,https://www.naukri.com/job-listings-java-professional-experian-services-india-private-limited-hyderabad-gachibowli-1-to-6-years-140426920108,previously_applied,2026-04-19T16:25:27.924615+00:00,2026-04-14T14:33:41+00:00,2026-04-18T14:12:21.526583+00:00,,,,personalized_resumes,
4403822229,Mphasis,Java React Fullstack Developer,"Bengaluru, Karnataka, India",linkedin,https://www.linkedin.com/jobs/view/4403822229/,previously_applied,2026-04-19T16:23:23.025865+00:00,,2026-04-18T14:16:08.809841+00:00,https://www.linkedin.com/jobs/view/4403822229/,a7c91c02-de3c-49ad-880d-3ca648f2832a,,personalized_resumes,
naukri:180326029516,Info Edge,Backend Java Developer,"Hyderabad, Telangana, India",naukri,https://www.naukri.com/job-listings-backend-java-developer-info-edge-mumbai-hyderabad-bengaluru-1-to-8-years-180326029516,previously_applied,2026-04-19T16:21:48.290558+00:00,2026-03-18T17:18:43+00:00,2026-04-18T14:16:08.809841+00:00,,,,personalized_resumes,
naukri:150426009730,Creative Hands HR,Software-Java Developer,"Hyderabad, Telangana, India",naukri,https://www.naukri.com/job-listings-software-java-developer-creative-hands-hr-hyderabad-chennai-bengaluru-0-to-5-years-150426009730,previously_applied,2026-04-19T16:20:50.573063+00:00,2026-04-15T09:53:25+00:00,2026-04-18T14:12:21.526583+00:00,,,,personalized_resumes,
naukri:130625502377,Beads Software Solutions,Java Fullstack Developer,"Hyderabad, Telangana, India",naukri,https://www.naukri.com/job-listings-java-fullstack-developer-beads-software-hyderabad-bengaluru-1-to-6-years-130625502377,previously_applied,2026-04-19T16:20:29.307822+00:00,2025-06-13T17:30:34+00:00,2026-04-18T14:16:08.809841+00:00,,b2c82eff-94e6-423c-9bef-878ad8783786,,personalized_resumes,
naukri:150426926992,GE VERNOVA,Software Engineer,"Hyderabad, Telangana, India",naukri,https://www.naukri.com/job-listings-software-engineer-ge-renewable-energy-technologies-private-limited-hyderabad-2-to-5-years-150426926992,previously_applied,2026-04-19T16:17:38.190665+00:00,2026-04-15T17:16:07+00:00,2026-04-18T14:16:08.809841+00:00,,,,personalized_resumes,
naukri:260725501554,Diverse Lynx,JAVA Backend Developer With Cloud,"Hyderabad, Telangana, India",naukri,https://www.naukri.com/job-listings-java-backend-developer-with-cloud-diverse-lynx-hyderabad-2-to-6-years-260725501554,previously_applied,2026-04-19T16:17:18.701366+00:00,2025-07-26T16:05:47+00:00,2026-04-18T14:12:21.526583+00:00,,b1061ed1-bb3d-45b7-8f4b-0ccc269057da,,personalized_resumes,
4403829062,Mphasis,Java React Fullstack Developer,"Mumbai, Maharashtra, India",linkedin,https://www.linkedin.com/jobs/view/4403829062/,previously_applied,2026-04-19T16:17:15.451955+00:00,,2026-04-18T14:16:08.809841+00:00,https://www.linkedin.com/jobs/view/4403829062/,5d05b17e-3a63-4d4a-891e-27f5541787ba,,personalized_resumes,
naukri:170426020093,GIST Management Solutions ,Software Engineer,"Hyderabad, Telangana, India",naukri,https://www.naukri.com/job-listings-software-engineer-gist-management-solutions-hyderabad-chennai-bengaluru-0-to-4-years-170426020093,previously_applied,2026-04-19T16:15:08.4227+00:00,2026-04-17T14:12:48+00:00,2026-04-18T14:16:08.809841+00:00,,d596cee2-4589-4347-bab8-d8d80f7ff4a1,,personalized_resumes,
4402710230,upGrad,Full Stack Engineer,"Bengaluru, Karnataka, India",linkedin,https://www.linkedin.com/jobs/view/4402710230/,previously_applied,2026-04-19T16:10:53.700966+00:00,,2026-04-18T14:16:08.809841+00:00,https://www.linkedin.com/jobs/view/4402710230/,a0b2ebdf-6af2-448d-8514-09e27f664174,,personalized_resumes,
naukri:110226501145,Unison Consulting,Java Backend Developer,"Hyderabad, Telangana, India",naukri,https://www.naukri.com/job-listings-java-backend-developer-unison-consulting-hyderabad-2-to-5-years-110226501145,previously_applied,2026-04-19T16:10:39.957484+00:00,2026-02-11T13:38:52+00:00,2026-04-18T14:16:08.809841+00:00,,abda0f77-87d1-4a1b-887a-b9bb239d3014,,personalized_resumes,
naukri:270326014185,Tenacious Hr Solution,Full Stack Developer,"Hyderabad, Telangana, India",naukri,https://www.naukri.com/job-listings-full-stack-developer-tenacious-hr-solution-hyderabad-bengaluru-delhi-ncr-2-to-5-years-270326014185,previously_applied,2026-04-18T21:15:04.066809+00:00,2026-03-27T12:00:26+00:00,2026-04-18T14:16:08.809841+00:00,,567ecd37-1367-46ff-9a64-29515654c8e8,,personalized_resumes,
4375578217,IBM,Application Developer-Cloud FullStack,"Hyderabad, Telangana, India",linkedin,https://www.linkedin.com/jobs/view/4375578217/,previously_applied,2026-04-18T01:19:52.087162+00:00,,2026-04-17T02:51:15.794956+00:00,https://www.linkedin.com/jobs/view/4375578217/,4a4e8b55-aa55-4472-afde-06fb1295b09d,,personalized_resumes,
manual_18c35503e16414b0,Mphasis,Java React Fullstack Developer,"Hyderabad, Telangana, India",linkedin.com,https://www.linkedin.com/jobs/view/4401067185/,previously_applied,2026-04-18T01:19:47.849766+00:00,,2026-04-18T01:16:09.953113+00:00,,75dc47d9-d880-4924-8c05-9304611cc75f,,personalized_resumes,
4400439217,Crowe Capability Center – India,Software Engineer 2,Greater Hyderabad Area,linkedin,https://www.linkedin.com/jobs/view/4400439217/,previously_applied,2026-04-17T20:59:30.843769+00:00,,2026-04-17T02:51:15.794956+00:00,https://www.linkedin.com/jobs/view/4400439217/,1c68660e-b07e-4787-b635-e7def2576b6d,,personalized_resumes,
4401866117,Dexian India,Java Developer,"Hyderabad, Telangana, India",linkedin,https://www.linkedin.com/jobs/view/4401866117/,previously_applied,2026-04-17T20:51:28.714537+00:00,,2026-04-17T02:51:15.794956+00:00,https://www.linkedin.com/jobs/view/4401866117/,1897f5c1-5266-4b21-9d63-14af74f88645,,personalized_resumes,
4401850670,HighRadius,Java SDE-II,"Hyderabad, Telangana, India",linkedin,https://www.linkedin.com/jobs/view/4401850670/,previously_applied,2026-04-17T20:49:13.940451+00:00,,2026-04-17T02:51:15.794956+00:00,https://www.linkedin.com/jobs/view/4401850670/,3a98c22d-61b9-41fc-aa2c-3d6673b5b4af,,personalized_resumes,
4403139286,Blue Yonder,"Software Engineer- Java,Microservices,Springboot,Kafka","Hyderabad, Telangana, India",linkedin,https://www.linkedin.com/jobs/view/4403139286/,previously_applied,2026-04-17T20:46:44.587452+00:00,,2026-04-17T02:51:15.794956+00:00,https://www.linkedin.com/jobs/view/4403139286/,5ae81cca-f0e9-43f8-b1f8-d493b3514746,,personalized_resumes,
4379428681,Google,"Software Engineer III, Full Stack, Google Play","Bengaluru, Karnataka, India",linkedin,https://www.linkedin.com/jobs/view/4379428681/,previously_applied,2026-04-17T20:45:16.094658+00:00,,2026-04-17T02:57:01.458989+00:00,https://www.linkedin.com/jobs/view/4379428681/,8bb0b5ef-95fa-4eb4-82b6-0b51bd8c6ce7,,personalized_resumes,
4403163492,JPMorganChase,Software Engineer II - Spring Boot/Java & app Support,"Hyderabad, Telangana, India",linkedin,https://www.linkedin.com/jobs/view/4403163492/,previously_applied,2026-04-17T20:35:55.329925+00:00,,2026-04-17T02:51:15.794956+00:00,https://www.linkedin.com/jobs/view/4403163492/,36e477e2-dc55-4faa-a58b-e0179e1fd594,,personalized_resumes,
4402951853,Model N,"Member of Technical Staff (Java, SQL, Microservices)","Hyderabad, Telangana, India",linkedin,https://www.linkedin.com/jobs/view/4402951853/,previously_applied,2026-04-17T18:03:16.703935+00:00,,2026-04-17T02:51:15.794956+00:00,https://www.linkedin.com/jobs/view/4402951853/,0e969b9e-4aa1-4a3d-9e7a-88cf7dd9e72b,,personalized_resumes,
4402992228,Optum India,Software Engineer JAVA FSD,"Hyderabad, Telangana, India",linkedin,https://www.linkedin.com/jobs/view/4402992228/,previously_applied,2026-04-17T17:46:28.91477+00:00,,2026-04-17T02:51:15.794956+00:00,https://www.linkedin.com/jobs/view/4402992228/,0f4d21e9-f299-4e88-b9d3-9d93f8ec6687,,personalized_resumes,
4401883134,hackajob,"Software Engineer II, Golang","Hyderabad, Telangana, India",linkedin,https://www.linkedin.com/jobs/view/4401883134/,previously_applied,2026-04-17T17:39:32.140927+00:00,,2026-04-17T02:51:15.794956+00:00,https://www.linkedin.com/jobs/view/4401883134/,a978b16f-2c26-4d63-8592-55b9d3b4f358,,personalized_resumes,
4402670286,JPMorganChase,Software Engineer III - Full Stack Java React JS,"Hyderabad, Telangana, India",linkedin,https://www.linkedin.com/jobs/view/4402670286/,previously_applied,2026-04-17T03:36:24.141663+00:00,,2026-04-17T02:51:15.794956+00:00,https://www.linkedin.com/jobs/view/4402670286/,d3689b24-fcff-48c6-8f35-38d06998c966,,personalized_resumes,
4402671321,JPMorganChase,Software Engineer II - Java,"Hyderabad, Telangana, India",linkedin,https://www.linkedin.com/jobs/view/4402671321/,previously_applied,2026-04-17T03:35:46.849174+00:00,,2026-04-17T02:51:15.794956+00:00,https://www.linkedin.com/jobs/view/4402671321/,ccec942c-7f20-4074-93bd-92100f59fd7f,,personalized_resumes,
4401859619,Scoutit,Associate Software Engineer,"Hyderabad, Telangana, India",linkedin,https://www.linkedin.com/jobs/view/4401859619/,previously_applied,2026-04-17T03:32:28.732966+00:00,,2026-04-17T02:51:15.794956+00:00,https://www.linkedin.com/jobs/view/4401859619/,54b99156-ca32-4411-9567-f55e14ca4c7e,,personalized_resumes,
